model,weight
lasso,0.1928455045168532
lightgbm,0.21192558705032102
ridge,0.16629372344036233
transformer,0.4289351849924633
